{"0_1_inkscape.csv":[84.24278855586486,94.17857694569034,87.66583502632169,215.5774943744985,101.28185488883973,80.00309879662487,214.52979330935696,115.63422203799702,233.19593169995719,76.38138569570253,116.87795190090527,55.219509132260804,1.0,1.0,1.0,1.0,1.0,1.0,1.0,1.0,1.0,1.0,1.0,1.0,1.0,1.0,1.0],"2_0_inkscape.csv":[84.7682987765455,62.4297156872147,30.26271480850166,213.43327562072645,97.51243674485038,77.33381842345283,148.3992493581372,118.62583231188061,264.1410185559777,79.15432585994404,112.7802990732224,53.97354398062104,1.0,1.0,1.0,1.0,1.0,1.0,1.0,1.0,1.0,1.0,1.0,1.0,1.0,1.0,1.0],"3_0_inkscape.csv":[90.68748818114484,104.598570503684,9.55525370513258,201.88320284945783,7.2497073242014745,82.23703850777109,163.44793230270363,1.0,1.0,1.0,1.0,0.6666666666666666,1.0,1.0,1.0,1.0,1.0,1.0,1.0,1.0,1.0,1.0,1.0,1.0,1.0,1.0,1.0],"3_1_inkscape.csv":[1.0,114.57928052347779,90.55807452448478,202.9999764190111,1.0,79.90328608927162,127.01251917946115,1.0,1.0,1.0,1.0,0.6666666666666666,1.0,1.0,1.0,1.0,1.0,1.0,1.0,1.0,1.0,1.0,1.0,1.0,1.0,1.0,1.0],"4_0_inkscape.csv":[84.92105327068718,98.53495345235358,31.646094845406537,212.48851813769406,98.32313930444768,75.92940247772775,148.61619830118255,117.61739168869786,262.3269943511489,74.60703692035365,117.46216658484668,33.11801801801802,114.5292163235825,75.58290970709261,77.50669809339308,90.63853528209965,140.97890011223362,68.40616152605458,95.77862660215608,61.88144449715589,1.0,1.0,1.0,1.0,1.0,1.0,1.0],"4_1_inkscape.csv":[86.97599612717016,97.76620009802382,31.316945239315846,211.95932629897024,100.82380512045897,78.83668114562818,153.40943759607515,121.17004749967725,1.0,1.0,1.0,0.6666666666666666,1.0,1.0,1.0,1.0,1.0,1.0,1.0,1.0,1.0,1.0,1.0,1.0,1.0,1.0,1.0],"6_0_inkscape.csv":[83.58595332295523,10.756346308889606,21.730080636310493,213.47791047296633,98.52523006853413,76.0922506923741,151.3783016510035,121.78392487114304,266.5713918798693,74.42447836361815,117.23108717022903,53.70970819074014,117.20672538534912,1.0,1.0,1.0,1.0,1.0,1.0,1.0,1.0,1.0,1.0,1.0,1.0,1.0,1.0],"6_1_inkscape.csv":[1.0,1.0,1.0,1.0,1.0,1.0,1.0,1.0,1.0,1.0,1.0,0.6666666666666666,1.0,1.0,1.0,1.0,1.0,1.0,1.0,1.0,1.0,1.0,1.0,1.0,1.0,1.0,1.0]}
