{"0_1.csv":[0.13086494043350744,0.0,0.0,0.20084388185654012,0.0,0.0,0.03529411764705882,0.20331619963521802,0.0,0.00020345879959307806,0.0,0.2,0.0,0.0],"2_0.csv":[0.053164556962025336,0.0,0.0,0.20084388185654012,0.004991866591440453,0.00036764705882355423,0.03529411764705882,0.20331619963521802,0.0014492753623188098,0.0004069175991861561,0.0,0.0,0.0,0.0,0.0],"3_0.csv":[0.053164556962025336,0.0,0.06679147382547253,0.20084388185654012,0.0,0.00036764705882355423,0.03529411764705882,0.2814072845274841,0.0019769798478069247,0.00020345879959307806],"3_1.csv":[0.9073433389908553,0.0,0.06679147382547253,0.038095238095238106,0.337549212461672,0.00036764705882355423,0.07531168920962183,0.20331619963521802,0.02036789188714546,0.9357746861114622,0.2,0.2,0.0,0.0,0.23521995023735331,0.23791592134508827,0.000464037122969869,0.0],"4_0.csv":[0.053164556962025336,0.0,0.06679147382547253,0.20084388185654012,0.0,0.00036764705882355423,0.03529411764705882,0.2814072845274841,0.0019769798478069247,0.00020345879959307806],"4_1.csv":[0.16550023957209814,0.0,0.0,1.3428654302183085,0.09218329836537016,0.27344714607606124,0.2687684972240051,0.18125846408096175,0.19758098013996445,0.2682925560276269,0.5037860114203033,0.2560773675991067,0.27615010323378175,0.0731809205219812,0.3758482491367791,0.07514564345800853,2.9884864827704734,0.651274568965744,0.4025276470696061,0.35135838647878426],"5_0.csv":[0.053164556962025336,0.0,0.0,0.20084388185654012,0.5724156970926557,0.0,0.03529411764705882,0.22548792527486924,0.0,0.00020345879959307806,0.0,0.43670713344626383,0.0,0.0,0.02016483608338767],"5_1.csv":[0.053164556962025336,0.005333164556397835,0.06679147382547253,0.8791603670825896,0.337549212461672,0.0,0.07531168920962183,0.20331619963521802,0.02036789188714546,0.9357746861114622,0.5627587008759011,0.0,0.0,0.0,0.0,0.00040816326530611374,0.000464037122969869,0.09121225173803012,0.03221955729106296,0.0,0.0,0.0,0.00477575618964625,0.0,0.0],"6_0.csv":[0.053164556962025336,0.0,0.6709488037675253,1.638353117115484,0.3559348377711985,0.16968952282957553],"6_1.csv":[0.053164556962025336,0.0,0.0,0.8941503737448148,0.0,0.0,0.035724225173940534,1.415362324698076,0.0019769798478069247,0.00020345879959307806,0.2,0.20039525691699608,0.0,0.0,0.0,0.35393561697737985,0.0,0.031578947368421054]}
