{"0_1_inkscape.csv":[0.14757211444135152,0.050169315494131624,0.5698446643793343,1.1657749437449851,0.0629187995149623,0.29205977013654477,1.1552979330935698,0.16634222037997012,1.9354189974157734,0.27622327677452724,0.17877951900905284],"2_0_inkscape.csv":[0.1423170122345451,0.3657028431278529,0.6940395185816501,1.1443327562072645,0.01572129325501033,0.30347064342376373,0.49399249358137204,0.196258323118806,1.651410185559777,0.2721322777644612,0.13780299073222396],"3_0_inkscape.csv":[0.1225735177133155,0.05598570503684006,0.8944474629486742,1.0288320284945784,0.9175029267579853,0.2955725123542726,0.6444793230270366],"3_1_inkscape.csv":[1.0,0.6205218936186806,0.6279717269498456,1.0399997641901109,1.0,0.4299848825238568,0.38523678286732627],"4_0_inkscape.csv":[0.14078946729312833,0.03234637190921178,0.6802057182126013,1.1348851813769407,0.017570017383102057,0.2611926602548603,0.49616198301182574,0.18617391688697857,1.633269943511489,0.2821100931379981,0.18462166584846687,0.374622366678703,0.23417090292907383,0.2149330190660692,0.118290114725756,0.41978900112233636,0.3059383847394542,0.5449868432221379,0.371185555028441,1.0],"4_1_inkscape.csv":[0.13495085626914807,0.04233616306147406,0.6834972142735083,1.1295932629897025,0.0379280769269705,0.29484903854172356,0.5440943759607517,0.2217004749967726],"6_0_inkscape.csv":[0.1541404667704476,0.8824365369111039,0.7726991936368951,1.1447791047296636,0.02202045188444908,0.2928475064412343,0.5237830165100351,0.22783924871143044,1.675713918798693,0.2821092393216797,0.1823108717022903,0.3848282812719959]}
